{
  "timestamp": "2025-08-18T19:40:14.773415",
  "new_files_count": 28,
  "modified_files_count": 0,
  "deleted_files_count": 0,
  "total_processing_time": 38.05652403831482
}