{
  "timestamp": "2025-08-14T20:00:25.004352",
  "new_files_count": 25,
  "modified_files_count": 0,
  "deleted_files_count": 0,
  "total_processing_time": 41.21077299118042
}