{
  "timestamp": "2025-08-07T22:06:59.102674",
  "new_files_count": 72,
  "modified_files_count": 0,
  "deleted_files_count": 0,
  "total_processing_time": 117.25226593017578
}